"date","content","amount","type"
"04/12/2011 09:35:00","enhance user-centric schemas","37235","Withdraw"
"04/12/2014 09:35:00","reintermediate compelling web-readiness","21338","Withdraw"
"18/12/2014 09:24:08","evolve enterprise metrics","68561","Deposit"
"01/02/2010 08:47:00","maximize rich solutions","41540","Deposit"
"07/09/2017 08:15:00","matrix world-class e-tailers","46556","Withdraw"
"20/4/2023 08:22:36","e-enable mission-critical infrastructures","77230","Withdraw"
"14/3/2021 09:56:18","expedite intuitive ROI","68430","Deposit"
"19/10/2016 09:28:33","target robust initiatives","50522","Deposit"
"14/3/2021 09:56:18","envisioneer next-generation web-readiness","81721","Withdraw"
"13/2/2022 08:50:49","scale value-added e-services","76283","Withdraw"
"10/10/2019 08:00:00","unleash holistic portals","96035","Withdraw"
"12/02/2017 09:21:00","brand seamless users","82535","Withdraw"
"04/10/2022 08:15:00","scale back-end platforms","72674","Deposit"
"19/8/2023 09:46:19","engage seamless e-tailers","71063","Deposit"
"26/12/2012 09:10:05","whiteboard bleeding-edge eyeballs","20894","Deposit"
"10/04/2020 08:38:00","unleash e-business vortals","91913","Deposit"
"29/10/2012 09:24:27","streamline robust e-markets","74412","Withdraw"
"13/2/2010 09:45:10","engineer plug-and-play technologies","85708","Deposit"
"19/2/2019 08:45:02","repurpose one-to-one functionalities","93205","Deposit"
"22/5/2022 09:13:43","optimize viral interfaces","37983","Deposit"
"11/10/2020 09:31:00","optimize world-class blockchains","19186","Withdraw"
"26/12/2013 08:48:47","transition dynamic interfaces","89783","Deposit"
"04/08/2010 09:29:00","enhance world-class e-business","84318","Withdraw"
"25/2/2023 08:56:02","leverage open-source applications","88746","Deposit"
"26/11/2016 08:17:39","e-enable world-class partnerships","16866","Deposit"
"27/11/2021 08:58:42","morph web-enabled models","71454","Withdraw"
"26/6/2012 09:34:02","enable efficient models","80156","Deposit"
"01/02/2010 08:47:00","facilitate holistic vortals","90603","Withdraw"
"27/8/2015 08:24:18","iterate magnetic vortals","15961","Withdraw"
"13/6/2023 09:56:37","benchmark intuitive e-services","89271","Withdraw"
"08/03/2016 08:29:00","revolutionize proactive users","32675","Withdraw"
"10/09/2010 09:30:00","enhance vertical markets","82389","Withdraw"
"22/5/2020 08:23:03","disintermediate granular ROI","75328","Deposit"
"20/4/2023 08:22:36","deliver collaborative platforms","54324","Deposit"
"06/07/2020 09:33:00","deliver revolutionary models","82453","Withdraw"
"26/12/2012 09:10:05","brand rich convergence","16023","Withdraw"
"08/10/2015 09:16:00","reinvent customized applications","91419","Deposit"
"12/01/2016 09:31:00","engineer scalable markets","37775","Withdraw"
"08/05/2014 08:44:00","enhance scalable e-services","40494","Deposit"
"10/10/2019 08:00:00","seize innovative ROI","14450","Deposit"
"30/4/2016 08:34:17","incubate extensible interfaces","49583","Withdraw"
"13/6/2019 08:44:15","facilitate virtual markets","87295","Withdraw"
"20/3/2020 08:59:00","scale compelling e-commerce","51149","Deposit"
"11/03/2021 09:09:00","engineer extensible schemas","54696","Withdraw"
"26/8/2022 08:22:01","evolve back-end blockchains","97612","Withdraw"
"19/5/2017 09:16:48","expedite back-end communities","55582","Withdraw"
"12/02/2017 09:21:00","utilize robust synergies","83597","Withdraw"
"07/07/2023 08:57:00","exploit B2C e-business","82185","Withdraw"
"02/06/2015 08:56:00","syndicate killer deliverables","77026","Withdraw"
"26/11/2023 08:28:32","monetize bricks-and-clicks channels","33891","Withdraw"
"22/5/2014 08:15:33","utilize wireless niches","51344","Deposit"
"15/12/2014 09:58:48","streamline viral initiatives","86064","Withdraw"
"21/6/2018 09:39:28","syndicate virtual e-services","77045","Deposit"
"31/10/2017 08:24:49","generate 24/7 experiences","12140","Deposit"
"06/04/2015 08:42:00","generate next-generation markets","31033","Deposit"
"08/03/2019 08:13:00","transition customized models","33826","Deposit"
"26/9/2017 08:13:57","streamline integrated schemas","84300","Deposit"
"11/03/2021 09:09:00","synergize cross-media experiences","48702","Deposit"
"26/11/2023 08:28:32","orchestrate cross-platform initiatives","36895","Deposit"
"14/11/2012 09:23:13","incentivize B2C partnerships","24491","Deposit"
"20/7/2016 09:41:08","iterate best-of-breed supply-chains","63610","Deposit"
"11/03/2020 09:16:00","e-enable e-business models","51655","Deposit"
"30/8/2018 09:39:41","leverage front-end e-commerce","44804","Withdraw"
"15/2/2019 09:16:16","synergize visionary mindshare","13365","Deposit"
"14/3/2019 09:01:59","embrace sticky schemas","46913","Deposit"
"16/1/2022 08:51:14","whiteboard viral e-commerce","16586","Withdraw"
"30/10/2012 09:25:13","deploy clicks-and-mortar interfaces","40381","Deposit"
"07/05/2011 08:51:00","maximize clicks-and-mortar action-items","84135","Deposit"
"26/10/2021 09:28:03","recontextualize proactive platforms","12474","Deposit"
"20/3/2020 08:59:00","orchestrate frictionless paradigms","65170","Withdraw"
"21/7/2021 08:26:50","repurpose enterprise web services","50079","Withdraw"
"25/6/2020 08:00:39","monetize proactive methodologies","34928","Withdraw"
"26/6/2012 09:34:02","expedite end-to-end metrics","96837","Withdraw"
"30/7/2017 08:23:41","matrix cross-platform blockchains","62449","Deposit"
"17/3/2023 08:11:11","transition killer content","14278","Deposit"
"26/8/2022 08:22:01","evolve virtual methodologies","28172","Withdraw"
"23/7/2010 08:56:54","monetize mission-critical applications","77814","Withdraw"
"18/5/2010 08:41:00","incentivize plug-and-play relationships","34070","Deposit"
"23/6/2016 08:55:49","synthesize collaborative infomediaries","38505","Deposit"
"01/02/2024 09:14:00","transition real-time vortals","13867","Withdraw"
"19/9/2016 08:50:18","deliver user-centric vortals","74447","Deposit"
"07/04/2012 08:43:00","matrix front-end convergence","58422","Deposit"
"10/04/2020 08:38:00","implement visionary partnerships","11660","Withdraw"
"21/12/2020 09:45:18","evolve wireless bandwidth","64326","Withdraw"
"09/07/2016 09:30:00","enhance dot-com platforms","18245","Withdraw"
"01/10/2023 08:05:00","engage cutting-edge markets","87933","Deposit"
"19/10/2016 09:28:33","redefine plug-and-play e-commerce","64210","Deposit"
"10/09/2010 09:30:00","utilize global functionalities","77819","Deposit"
"21/7/2021 08:26:50","transition extensible portals","57997","Deposit"
"27/2/2023 09:33:30","incubate interactive relationships","86243","Withdraw"
"13/2/2022 08:50:49","orchestrate intuitive content","70094","Withdraw"
"26/10/2021 09:28:03","innovate rich metrics","33102","Withdraw"
"11/06/2017 08:03:00","optimize distributed infomediaries","69421","Withdraw"
"01/04/2010 08:54:00","monetize visionary schemas","80310","Deposit"
"18/7/2013 09:55:08","innovate bleeding-edge e-commerce","54610","Withdraw"
"13/2/2010 09:45:10","incentivize front-end experiences","81335","Withdraw"
"02/02/2023 08:17:00","disintermediate cross-platform methodologies","19845","Withdraw"
"01/02/2024 09:14:00","cultivate one-to-one synergies","72888","Deposit"
"27/1/2019 08:39:23","evolve back-end partnerships","22334","Deposit"
"21/6/2013 09:25:36","redefine killer systems","13274","Withdraw"
"07/03/2012 08:48:00","leverage distributed interfaces","60014","Withdraw"
"12/10/2012 08:32:00","productize open-source schemas","79126","Deposit"
"06/07/2020 09:33:00","utilize clicks-and-mortar convergence","57666","Deposit"
"06/08/2018 08:30:00","target e-business functionalities","40872","Deposit"
"17/4/2024 09:18:47","drive frictionless channels","43780","Withdraw"
"08/05/2014 08:44:00","matrix innovative paradigms","75089","Deposit"
"30/7/2019 08:42:51","deliver distributed schemas","33077","Deposit"
"19/9/2016 08:50:18","incubate e-business architectures","46914","Deposit"
"05/10/2024 08:45:00","engage transparent schemas","58457","Deposit"
"01/04/2010 08:54:00","synthesize scalable web-readiness","32468","Withdraw"
"16/6/2018 08:42:15","architect user-centric eyeballs","48966","Withdraw"
"22/7/2022 08:35:52","synthesize efficient systems","95042","Deposit"
"13/8/2023 08:54:15","revolutionize ubiquitous architectures","34446","Deposit"
"20/6/2015 09:29:55","engage customized relationships","50867","Withdraw"
"31/1/2012 09:51:54","mesh bleeding-edge niches","75532","Withdraw"
"01/10/2023 08:05:00","maximize integrated platforms","17112","Withdraw"
"19/10/2013 08:29:10","orchestrate front-end e-tailers","43033","Deposit"
"13/6/2019 08:44:15","transition back-end eyeballs","61774","Withdraw"
"07/07/2012 09:18:00","drive 24/365 niches","83427","Deposit"
"16/9/2012 09:29:20","embrace viral architectures","62813","Deposit"
"29/4/2020 09:52:13","benchmark visionary supply-chains","93786","Withdraw"
"04/10/2022 08:15:00","matrix interactive web services","39673","Withdraw"
"04/12/2014 08:15:00","benchmark out-of-the-box users","94521","Withdraw"
"01/06/2019 09:44:00","brand back-end initiatives","82888","Withdraw"
"19/2/2019 08:45:02","mesh strategic solutions","95501","Withdraw"
"05/05/2019 09:31:00","whiteboard frictionless models","28585","Deposit"
"10/12/2018 09:11:00","transition extensible e-services","96836","Deposit"
"20/6/2015 09:29:55","strategize clicks-and-mortar synergies","29127","Withdraw"
"24/1/2017 09:19:34","exploit bricks-and-clicks content","81937","Deposit"
"08/03/2019 08:13:00","expedite real-time interfaces","43640","Deposit"
"08/07/2015 08:37:00","synthesize sexy e-tailers","83174","Deposit"
"18/2/2011 08:50:18","streamline global action-items","87229","Withdraw"
"08/08/2019 09:02:00","aggregate real-time mindshare","37288","Withdraw"
"22/11/2011 08:27:35","reinvent bleeding-edge experiences","86117","Deposit"
"04/08/2014 08:35:00","integrate open-source niches","10976","Withdraw"
"06/03/2012 08:52:00","empower robust web-readiness","62904","Deposit"
"18/12/2019 09:08:53","benchmark dynamic supply-chains","85150","Deposit"
"25/6/2020 08:00:39","orchestrate cross-media models","81494","Withdraw"
"09/05/2010 08:05:00","brand holistic e-markets","61567","Deposit"
"23/3/2022 09:46:43","deliver B2B e-services","93970","Withdraw"
"30/4/2016 08:34:17","generate one-to-one e-business","15916","Withdraw"
"07/05/2011 08:51:00","transform viral architectures","32902","Withdraw"
"13/2/2022 08:50:49","embrace efficient e-commerce","80802","Deposit"
"09/06/2019 08:30:00","generate extensible content","74360","Withdraw"
"19/7/2014 09:27:41","facilitate bleeding-edge bandwidth","88047","Withdraw"
"08/03/2016 08:29:00","enable visionary technologies","74038","Withdraw"
"22/1/2023 09:39:31","exploit killer infrastructures","15823","Deposit"
"30/3/2011 09:18:39","integrate real-time applications","53244","Withdraw"
"04/02/2013 09:01:00","synergize cutting-edge systems","44433","Withdraw"
"04/10/2022 08:15:00","strategize back-end blockchains","68261","Deposit"
"26/10/2022 09:34:56","envisioneer dynamic models","49194","Deposit"
"19/9/2016 08:50:18","deploy turn-key bandwidth","23189","Deposit"
"14/3/2013 08:44:42","extend scalable web-readiness","96999","Deposit"
"11/10/2019 09:36:00","exploit e-business networks","46205","Withdraw"
"20/5/2010 09:24:59","unleash world-class relationships","81091","Deposit"
"29/4/2020 09:52:13","reintermediate synergistic action-items","58358","Withdraw"
"01/06/2013 09:32:00","evolve virtual paradigms","88054","Deposit"
"17/6/2018 08:17:35","cultivate B2C action-items","56487","Withdraw"
"22/5/2022 09:13:43","transform seamless experiences","29315","Withdraw"
"24/10/2021 08:41:46","iterate transparent portals","42352","Deposit"
"08/05/2014 08:44:00","harness cross-platform applications","46255","Deposit"
"14/10/2013 09:23:32","productize robust systems","97133","Deposit"
"28/7/2021 08:10:47","embrace out-of-the-box networks","20526","Deposit"
"07/12/2016 08:00:00","evolve 24/365 e-business","67292","Deposit"
"18/5/2015 09:20:42","transform seamless infrastructures","83258","Deposit"
"07/07/2012 09:18:00","cultivate world-class systems","20672","Withdraw"
"22/7/2020 08:49:50","integrate open-source vortals","36297","Deposit"
"22/1/2017 09:27:59","deploy bricks-and-clicks channels","15090","Withdraw"
"18/3/2017 08:02:52","drive leading-edge content","72208","Withdraw"
"09/03/2011 08:47:00","visualize dot-com action-items","96814","Deposit"
"17/6/2018 08:17:35","brand integrated e-commerce","14840","Deposit"
"23/3/2022 09:46:43","leverage end-to-end technologies","87502","Deposit"
"22/1/2023 09:39:31","synergize global channels","74167","Withdraw"
"30/7/2015 09:00:24","monetize interactive solutions","70317","Deposit"
"15/2/2018 09:47:50","integrate cross-platform technologies","36601","Deposit"
"06/07/2016 09:58:00","monetize sticky users","62574","Withdraw"
"18/5/2015 09:20:42","target efficient portals","29344","Withdraw"
"13/8/2023 08:54:15","enable one-to-one e-tailers","85299","Deposit"
"02/10/2014 08:56:00","engage best-of-breed architectures","29663","Deposit"
"01/08/2015 09:52:00","synergize rich architectures","79016","Withdraw"
"27/2/2023 09:33:30","grow plug-and-play markets","43185","Withdraw"
"04/08/2012 09:09:00","grow end-to-end models","13553","Deposit"
"21/6/2018 09:39:28","drive global bandwidth","73251","Deposit"
"03/02/2021 09:12:00","transition mission-critical communities","37238","Withdraw"
"08/01/2010 08:00:00","matrix extensible content","60199","Deposit"
"19/10/2016 09:28:33","incentivize cross-media infomediaries","29131","Withdraw"
"16/3/2012 09:52:03","incubate killer platforms","67402","Deposit"
"06/07/2017 08:16:00","redefine global e-commerce","87438","Deposit"
"22/10/2020 08:55:54","engineer real-time content","87140","Deposit"
"03/12/2019 08:51:00","transition cross-platform users","24276","Deposit"
"18/12/2019 09:08:53","incubate efficient relationships","64828","Deposit"
"11/06/2017 08:03:00","streamline intuitive web services","87796","Deposit"
"13/2/2010 09:45:10","unleash best-of-breed e-markets","88455","Deposit"
"11/08/2019 08:44:00","enhance world-class paradigms","28649","Withdraw"
"01/10/2015 09:50:00","monetize world-class metrics","64893","Withdraw"
"08/10/2022 08:19:00","productize transparent infrastructures","61041","Withdraw"
"05/12/2016 09:40:00","iterate rich platforms","89972","Withdraw"
"21/7/2021 08:26:50","seize proactive content","84669","Withdraw"
"13/1/2020 08:51:35","redefine sexy blockchains","99596","Deposit"
"24/1/2017 09:19:34","enable integrated niches","91587","Withdraw"
"18/12/2015 08:42:38","matrix sticky methodologies","16978","Withdraw"
"16/3/2012 09:52:03","synergize revolutionary platforms","30303","Withdraw"
"16/3/2013 08:14:24","facilitate ubiquitous systems","97448","Deposit"
"21/7/2021 08:26:50","seize viral technologies","49649","Deposit"
"27/1/2019 08:39:23","mesh dot-com markets","30474","Withdraw"
"19/5/2017 09:16:48","brand 24/365 portals","65416","Withdraw"
"11/12/2015 08:48:00","deploy turn-key mindshare","22525","Deposit"
"25/5/2012 08:41:13","empower scalable niches","91624","Deposit"
"13/2/2022 08:50:49","innovate customized infomediaries","26080","Deposit"
"21/11/2016 09:49:56","facilitate dot-com infrastructures","87151","Deposit"
"21/1/2011 09:10:21","iterate e-business channels","81339","Deposit"
"31/1/2012 09:51:54","synergize one-to-one communities","33811","Withdraw"
"18/7/2013 09:55:08","strategize dot-com communities","99958","Deposit"
"04/12/2011 09:35:00","engage cross-platform infomediaries","32509","Withdraw"
"18/12/2014 09:24:08","reinvent scalable infrastructures","68798","Withdraw"
"27/2/2023 09:33:30","implement wireless mindshare","22963","Deposit"
"26/8/2022 08:22:01","syndicate magnetic niches","71080","Withdraw"
"31/10/2017 08:24:49","incentivize turn-key bandwidth","44195","Withdraw"
"27/2/2023 09:33:30","redefine out-of-the-box niches","86904","Deposit"
"21/7/2018 08:16:42","cultivate B2C synergies","89740","Deposit"
"16/6/2018 08:42:15","engage interactive e-tailers","66981","Deposit"
"30/3/2011 09:18:39","integrate seamless infrastructures","38884","Deposit"
"26/10/2021 09:28:03","deploy granular supply-chains","29433","Deposit"
"06/04/2018 09:34:00","integrate world-class partnerships","71481","Deposit"
"26/10/2022 09:34:56","morph cutting-edge paradigms","69879","Withdraw"
"17/6/2018 08:17:35","e-enable cross-platform methodologies","50094","Withdraw"
"25/4/2011 09:55:46","redefine web-enabled eyeballs","93823","Deposit"
"10/10/2019 08:00:00","exploit e-business architectures","42195","Deposit"
"26/7/2017 08:02:24","empower collaborative networks","40378","Withdraw"
"26/8/2020 09:50:35","innovate innovative deliverables","45766","Withdraw"
"04/12/2014 09:35:00","innovate vertical blockchains","66762","Withdraw"
"17/2/2017 09:54:34","innovate web-enabled e-markets","70457","Withdraw"
"01/09/2016 08:24:00","maximize wireless channels","67618","Withdraw"
"14/5/2014 09:02:17","architect dynamic eyeballs","44814","Deposit"
"01/10/2023 08:05:00","unleash e-business communities","42629","Withdraw"
"03/10/2024 09:33:00","synergize bleeding-edge e-services","76094","Withdraw"
"13/6/2019 08:44:15","brand e-business methodologies","37105","Withdraw"
"15/12/2021 08:37:57","deliver dynamic infrastructures","33519","Withdraw"
"22/1/2023 09:39:31","reinvent transparent experiences","87694","Withdraw"
"26/12/2013 08:48:47","utilize clicks-and-mortar supply-chains","84481","Deposit"
"22/7/2020 08:49:50","evolve e-business paradigms","18956","Withdraw"
"01/06/2019 09:44:00","transition synergistic web services","29785","Withdraw"
"28/7/2014 09:00:08","whiteboard best-of-breed infomediaries","48770","Deposit"
"18/4/2017 09:08:46","implement mission-critical infrastructures","37000","Deposit"
"22/10/2020 08:55:54","disintermediate sticky systems","37640","Withdraw"
"01/07/2011 08:15:00","transition sexy models","73243","Deposit"
"24/7/2019 09:08:43","engineer efficient markets","83064","Deposit"
"17/6/2018 08:17:35","mesh scalable content","68306","Withdraw"
"15/2/2019 09:16:16","facilitate virtual functionalities","73488","Withdraw"
"07/10/2014 09:21:00","benchmark enterprise mindshare","72285","Withdraw"
"30/7/2015 09:00:24","deploy frictionless metrics","12451","Deposit"
"04/08/2010 09:29:00","evolve sexy channels","17061","Withdraw"
"06/08/2015 09:22:00","benchmark frictionless convergence","55928","Withdraw"
"18/12/2014 09:24:08","architect dot-com functionalities","55802","Deposit"
"01/01/2024 08:02:00","unleash impactful channels","10558","Deposit"
"19/8/2018 09:32:13","deploy integrated supply-chains","13967","Deposit"
"21/5/2016 09:25:50","exploit granular paradigms","23887","Withdraw"
"21/7/2018 08:16:42","morph cutting-edge communities","60850","Withdraw"
"04/08/2014 08:35:00","monetize viral infrastructures","10158","Deposit"
"21/12/2020 09:45:18","whiteboard sticky platforms","25417","Withdraw"
"25/6/2011 08:02:44","maximize compelling action-items","24284","Withdraw"
"26/8/2016 09:02:12","harness magnetic solutions","11199","Deposit"
"21/11/2016 09:49:56","aggregate customized functionalities","45951","Deposit"
"31/10/2017 08:24:49","redefine web-enabled metrics","45035","Withdraw"
"22/8/2011 09:44:00","recontextualize open-source ROI","71000","Deposit"
"25/7/2015 09:45:02","incentivize virtual ROI","15407","Deposit"
"31/1/2012 09:51:54","syndicate vertical convergence","60863","Withdraw"
"16/6/2018 08:42:15","grow proactive communities","62730","Withdraw"
"16/3/2013 08:14:24","grow synergistic synergies","60351","Deposit"
"07/09/2017 08:15:00","transform rich paradigms","74191","Deposit"
"30/7/2015 09:00:24","harness sexy methodologies","44423","Deposit"
"30/4/2016 08:34:17","streamline ubiquitous supply-chains","92030","Withdraw"
"11/08/2018 09:27:00","embrace rich deliverables","96222","Deposit"
"16/4/2017 09:36:20","visualize cross-platform content","25687","Withdraw"
"19/10/2016 09:28:33","exploit holistic vortals","38741","Deposit"
"24/7/2019 09:08:43","monetize viral metrics","25691","Deposit"
"18/2/2011 08:50:18","iterate killer experiences","43468","Withdraw"
"23/7/2010 08:56:54","deliver world-class platforms","31805","Withdraw"
"20/5/2010 09:29:05","incubate clicks-and-mortar mindshare","81926","Deposit"
"06/03/2012 08:52:00","utilize integrated web services","43491","Deposit"
"31/1/2012 09:51:54","syndicate out-of-the-box partnerships","59131","Withdraw"
"17/4/2024 09:18:47","transition user-centric convergence","93112","Withdraw"
"22/5/2020 08:23:03","strategize scalable functionalities","82191","Deposit"
"22/11/2011 08:27:35","exploit distributed niches","60247","Withdraw"
"19/2/2019 08:45:02","enable compelling synergies","26291","Withdraw"
"19/5/2011 08:28:30","revolutionize extensible channels","70091","Deposit"
"13/1/2020 08:51:35","syndicate rich models","23652","Deposit"
"02/04/2024 09:28:00","incentivize strategic technologies","89132","Withdraw"
"26/8/2016 09:02:12","seize collaborative niches","44801","Withdraw"
"14/3/2013 08:44:42","seize visionary interfaces","58081","Deposit"
"27/1/2019 08:39:23","redefine one-to-one bandwidth","56184","Deposit"
"28/8/2022 09:51:00","repurpose vertical infrastructures","43144","Withdraw"
"24/10/2021 08:41:46","aggregate transparent relationships","48968","Withdraw"
"07/03/2010 09:50:00","facilitate scalable paradigms","46300","Withdraw"
"01/06/2019 09:44:00","drive synergistic e-business","45316","Deposit"
"30/10/2012 09:25:13","generate rich e-business","71625","Withdraw"
"14/8/2023 08:42:51","productize B2B systems","81801","Deposit"
"18/4/2017 09:08:46","monetize efficient users","66265","Withdraw"
"03/02/2021 09:12:00","target B2B content","29841","Withdraw"
"04/10/2022 08:15:00","revolutionize interactive relationships","90703","Withdraw"
"27/2/2023 09:33:30","visualize one-to-one bandwidth","95337","Withdraw"
"27/11/2021 08:58:42","enhance ubiquitous architectures","38823","Withdraw"
"23/7/2010 08:56:54","seize e-business niches","82140","Deposit"
"08/03/2019 08:13:00","implement scalable niches","76932","Withdraw"
"27/4/2024 08:28:54","monetize plug-and-play functionalities","59962","Deposit"
"09/03/2011 08:47:00","visualize seamless e-tailers","95251","Withdraw"
"03/04/2013 08:03:00","optimize strategic e-markets","49313","Deposit"
"31/10/2017 08:24:49","expedite integrated platforms","21329","Deposit"
"15/2/2018 09:47:50","orchestrate extensible synergies","54334","Deposit"
"22/5/2020 08:23:03","orchestrate mission-critical functionalities","50789","Deposit"
"21/12/2014 09:09:59","transform efficient technologies","55993","Withdraw"
"12/01/2016 09:31:00","deliver impactful models","79355","Deposit"
"21/11/2016 09:49:56","e-enable 24/365 e-services","93501","Withdraw"
"02/06/2013 09:23:00","leverage interactive applications","21093","Deposit"
"26/8/2020 09:50:35","implement cross-media action-items","87168","Withdraw"
"14/10/2013 09:23:32","reinvent enterprise networks","50412","Deposit"
"15/12/2021 08:37:57","streamline 24/7 systems","97492","Deposit"
"04/08/2012 09:09:00","optimize one-to-one channels","50431","Withdraw"
"13/6/2019 08:44:15","streamline best-of-breed architectures","60709","Deposit"
"14/8/2023 08:42:51","productize visionary synergies","47530","Withdraw"
"23/3/2022 09:46:43","incubate extensible deliverables","18517","Deposit"
"21/5/2016 09:25:50","implement intuitive infomediaries","84022","Deposit"
"14/3/2019 09:01:59","engage scalable vortals","21730","Withdraw"
"01/02/2010 08:47:00","iterate back-end solutions","55151","Withdraw"
"10/09/2010 09:30:00","seize granular experiences","47264","Deposit"
"15/12/2014 09:58:48","aggregate enterprise blockchains","29931","Deposit"
"11/08/2019 08:44:00","facilitate compelling e-commerce","62297","Withdraw"
"06/07/2020 09:33:00","orchestrate 24/365 supply-chains","12303","Deposit"
"04/02/2012 08:50:00","enhance holistic niches","52382","Withdraw"
"07/10/2014 09:21:00","monetize synergistic models","14384","Deposit"
"30/7/2017 08:23:41","brand proactive networks","60292","Deposit"
"20/5/2010 09:24:59","maximize compelling models","62848","Withdraw"
"23/7/2010 08:56:54","cultivate sticky technologies","71299","Deposit"
"18/2/2011 08:50:18","repurpose dynamic e-services","15816","Withdraw"
"22/5/2014 08:15:33","transform holistic systems","52983","Withdraw"
"29/4/2020 09:52:13","aggregate back-end supply-chains","40267","Withdraw"
"11/01/2019 08:35:00","utilize dynamic eyeballs","17088","Withdraw"
"16/8/2010 09:10:55","cultivate global supply-chains","58480","Withdraw"
"27/1/2019 08:39:23","engineer bricks-and-clicks users","53939","Withdraw"
"10/07/2022 09:04:00","enhance mission-critical schemas","33977","Withdraw"
"13/6/2019 08:44:15","transform 24/7 metrics","96527","Deposit"
"18/1/2015 08:49:23","orchestrate world-class metrics","38248","Deposit"
"09/04/2021 08:17:00","grow distributed paradigms","66735","Withdraw"
"14/8/2023 08:42:51","evolve real-time users","74232","Deposit"
"15/4/2021 08:28:58","implement innovative networks","23863","Withdraw"
"14/10/2013 09:23:32","incentivize 24/7 channels","76428","Deposit"
"06/07/2017 08:16:00","envisioneer viral markets","44276","Deposit"
"11/10/2019 09:36:00","grow 24/365 e-tailers","27548","Withdraw"
"06/04/2015 08:42:00","disintermediate wireless vortals","36683","Withdraw"
"26/10/2021 09:55:11","scale cross-media models","33132","Deposit"
"20/3/2020 08:59:00","matrix one-to-one applications","65667","Deposit"
"14/5/2014 09:02:17","morph sexy e-business","89263","Withdraw"
"25/6/2020 08:00:39","strategize compelling portals","31645","Withdraw"
"15/11/2018 08:48:42","engineer ubiquitous action-items","85878","Deposit"
"23/6/2016 08:55:49","engage scalable blockchains","16853","Deposit"
"24/1/2017 09:19:34","repurpose distributed communities","96961","Deposit"
"10/04/2020 08:38:00","cultivate web-enabled supply-chains","10332","Deposit"
"26/10/2018 08:53:02","scale killer experiences","72209","Deposit"
"19/10/2013 08:29:10","facilitate plug-and-play partnerships","82049","Deposit"
"23/3/2022 09:46:43","enhance seamless content","81469","Deposit"
"10/05/2010 09:30:00","enable next-generation networks","14644","Withdraw"
"21/7/2018 08:16:42","transition revolutionary methodologies","73988","Deposit"
"30/4/2016 08:34:17","incentivize rich portals","24100","Withdraw"
"19/10/2013 08:29:10","incubate out-of-the-box web services","66750","Withdraw"
"06/09/2012 09:27:00","deploy seamless methodologies","38569","Deposit"
"26/6/2012 09:34:02","utilize open-source models","13681","Deposit"
"10/10/2019 08:00:00","implement 24/7 content","16603","Deposit"
"12/05/2014 08:45:00","deliver back-end partnerships","32212","Withdraw"
"16/9/2012 09:29:20","brand B2B markets","34832","Withdraw"
"13/6/2014 09:26:55","incentivize back-end deliverables","69565","Deposit"
"27/8/2015 08:24:18","leverage magnetic action-items","33017","Withdraw"
"28/7/2014 09:00:08","morph wireless blockchains","82355","Deposit"
"09/03/2011 08:47:00","scale turn-key applications","56649","Deposit"
"28/2/2014 09:52:56","repurpose rich niches","24406","Withdraw"
"01/09/2016 08:24:00","seize next-generation platforms","50620","Deposit"
"21/7/2021 08:26:50","expedite sticky networks","16149","Deposit"
"21/3/2014 09:08:12","matrix wireless mindshare","50830","Deposit"
"19/10/2016 09:28:33","innovate back-end convergence","70326","Deposit"
"22/5/2014 08:15:33","grow killer functionalities","99456","Deposit"
"07/07/2012 09:18:00","incubate B2C solutions","13718","Withdraw"
"01/04/2010 08:54:00","incentivize back-end systems","93965","Withdraw"
"08/01/2020 09:30:00","exploit sexy portals","58120","Withdraw"
"01/01/2024 08:02:00","facilitate strategic systems","58493","Deposit"
"06/03/2012 08:52:00","cultivate compelling functionalities","81754","Deposit"
"08/07/2010 09:05:00","evolve e-business relationships","51296","Deposit"
"03/02/2021 09:12:00","reintermediate value-added markets","53322","Withdraw"
"17/6/2018 08:17:35","empower collaborative mindshare","44307","Withdraw"
"21/12/2014 09:09:59","transform customized synergies","57756","Withdraw"
"11/10/2020 09:31:00","syndicate plug-and-play methodologies","50411","Withdraw"
"01/08/2016 08:26:00","target enterprise systems","88753","Deposit"
"27/1/2019 08:39:23","orchestrate turn-key deliverables","89646","Deposit"
"20/5/2011 09:07:58","optimize dot-com paradigms","20933","Deposit"
"18/5/2010 08:41:00","monetize end-to-end architectures","37670","Withdraw"
"17/11/2012 09:14:30","incentivize compelling e-markets","30893","Deposit"
"08/06/2022 09:28:00","extend turn-key ROI","61504","Withdraw"
"09/10/2021 09:46:00","enable granular users","45949","Deposit"
"10/04/2020 08:38:00","syndicate back-end e-commerce","64008","Deposit"
"20/4/2023 08:22:36","repurpose value-added synergies","87722","Deposit"
"04/12/2011 09:35:00","e-enable killer experiences","11197","Withdraw"
"06/09/2012 09:27:00","reinvent bleeding-edge networks","97933","Withdraw"
"26/8/2022 08:22:01","seize web-enabled deliverables","35667","Deposit"
"21/6/2013 09:25:36","visualize user-centric functionalities","21754","Withdraw"
"25/5/2012 08:41:13","leverage sticky methodologies","51864","Withdraw"
"26/11/2023 08:28:32","streamline synergistic blockchains","20846","Withdraw"
"25/7/2015 09:45:02","redefine B2C content","71462","Deposit"
"05/12/2016 09:40:00","syndicate interactive e-markets","85619","Withdraw"
"19/7/2014 09:27:41","drive killer portals","51526","Withdraw"
"28/7/2021 08:10:47","repurpose B2B architectures","62670","Withdraw"
"16/11/2023 09:33:34","whiteboard killer methodologies","69415","Withdraw"
"11/08/2019 08:44:00","iterate turn-key supply-chains","56601","Withdraw"
"08/08/2019 09:02:00","visualize next-generation e-business","79834","Withdraw"
"22/11/2011 08:27:35","monetize viral infrastructures","87003","Withdraw"
"12/05/2015 09:16:00","whiteboard bricks-and-clicks vortals","79810","Deposit"
"20/5/2011 09:07:58","enhance vertical interfaces","17089","Deposit"
"28/4/2018 09:23:25","aggregate revolutionary users","25059","Withdraw"
"01/09/2016 08:24:00","aggregate out-of-the-box communities","77220","Withdraw"
"14/10/2013 09:23:32","benchmark one-to-one methodologies","31255","Deposit"
"28/7/2014 09:00:08","transition value-added communities","83049","Withdraw"
"13/1/2020 08:51:35","deliver cutting-edge convergence","82384","Deposit"
"16/3/2012 09:52:03","utilize customized metrics","68269","Deposit"
"14/3/2022 08:48:36","integrate e-business technologies","18826","Withdraw"
"14/3/2019 09:01:59","redefine world-class convergence","27030","Deposit"
"25/2/2023 08:56:02","streamline B2B e-business","54080","Withdraw"
"15/4/2015 08:03:34","utilize virtual e-services","53373","Withdraw"
"18/1/2015 08:49:23","synthesize synergistic web services","27364","Deposit"
"25/6/2011 08:02:44","leverage value-added vortals","83679","Deposit"
"18/1/2015 08:49:23","optimize global infomediaries","17792","Deposit"
"13/6/2023 09:56:37","iterate innovative e-tailers","50818","Deposit"
"26/9/2017 08:13:57","maximize 24/7 niches","99082","Withdraw"
"31/10/2017 08:24:49","streamline magnetic synergies","10256","Withdraw"
"08/10/2022 08:19:00","maximize holistic synergies","37901","Withdraw"
"21/7/2021 08:26:50","productize dynamic e-tailers","67933","Deposit"
"10/10/2019 08:00:00","reinvent next-generation niches","40548","Withdraw"
"19/2/2019 08:45:02","synergize next-generation eyeballs","77881","Withdraw"
"06/08/2018 08:30:00","exploit holistic content","34775","Deposit"
"15/11/2018 08:48:42","integrate integrated communities","45678","Withdraw"
"10/12/2018 09:11:00","harness killer initiatives","59579","Withdraw"
"27/2/2023 09:33:30","strategize best-of-breed networks","27602","Deposit"
"21/5/2016 09:25:50","revolutionize proactive architectures","27280","Withdraw"
"02/04/2024 09:28:00","streamline wireless technologies","77961","Withdraw"
"19/10/2013 08:29:10","disintermediate viral web-readiness","90593","Deposit"
"16/4/2014 09:04:08","envisioneer cross-platform partnerships","44773","Withdraw"
"06/08/2018 08:30:00","expedite bleeding-edge metrics","52526","Deposit"
"20/6/2015 09:29:55","drive proactive synergies","92150","Deposit"
"14/3/2021 09:56:18","e-enable compelling platforms","80337","Withdraw"
"12/02/2017 09:21:00","reintermediate dynamic deliverables","79047","Withdraw"
"12/09/2019 09:20:00","synergize global channels","69345","Deposit"
"20/5/2010 09:29:05","strategize plug-and-play vortals","46139","Deposit"
"25/6/2020 08:00:39","orchestrate open-source schemas","15210","Deposit"
"14/11/2012 09:23:13","aggregate next-generation networks","99025","Deposit"
"13/6/2023 09:56:37","leverage innovative partnerships","80062","Withdraw"
"12/02/2017 09:21:00","maximize best-of-breed relationships","97589","Deposit"
"26/7/2014 09:10:10","facilitate killer supply-chains","74371","Deposit"
"01/02/2024 09:14:00","orchestrate collaborative models","93317","Deposit"
"22/1/2023 09:39:31","incentivize leading-edge e-commerce","44767","Withdraw"
"18/7/2013 09:55:08","benchmark integrated niches","20954","Deposit"
"27/11/2021 08:58:42","streamline viral schemas","58970","Withdraw"
"27/1/2019 08:39:23","evolve dynamic applications","23473","Withdraw"
"06/04/2015 08:42:00","recontextualize killer partnerships","38412","Withdraw"
"14/3/2021 09:56:18","leverage vertical partnerships","67432","Withdraw"
"09/03/2011 08:47:00","streamline front-end communities","63411","Deposit"
"11/08/2018 09:27:00","recontextualize sexy portals","38151","Deposit"
"21/3/2014 09:08:12","orchestrate back-end solutions","27701","Withdraw"
"06/03/2012 08:52:00","exploit compelling synergies","86669","Withdraw"
"30/10/2012 09:25:13","target cross-platform infomediaries","59672","Deposit"
"30/8/2018 09:39:41","engage mission-critical infrastructures","11505","Deposit"
"11/07/2011 08:49:00","synergize holistic convergence","34649","Withdraw"
"14/3/2013 08:44:42","innovate global methodologies","84452","Withdraw"
"14/8/2023 08:42:51","optimize vertical e-services","79920","Withdraw"
"04/02/2012 08:50:00","generate collaborative blockchains","96574","Deposit"
"09/06/2018 08:57:00","integrate synergistic architectures","37038","Deposit"
"11/03/2020 09:16:00","empower real-time action-items","40096","Withdraw"
"19/7/2014 09:27:41","seize vertical initiatives","43231","Withdraw"
"06/08/2015 09:22:00","architect magnetic bandwidth","37345","Deposit"
"06/09/2012 09:27:00","embrace holistic applications","38123","Deposit"
"02/04/2024 09:28:00","empower bleeding-edge convergence","63034","Deposit"
"18/5/2010 08:41:00","aggregate proactive users","51275","Deposit"
"25/7/2015 09:45:02","orchestrate impactful ROI","79541","Withdraw"
"28/8/2011 08:39:51","generate seamless niches","79458","Deposit"
"04/12/2014 08:15:00","scale granular portals","37383","Deposit"
"18/2/2011 08:50:18","morph user-centric bandwidth","73916","Deposit"
"19/7/2014 09:27:41","reintermediate magnetic e-markets","33235","Withdraw"
"18/12/2014 09:24:08","incubate strategic experiences","63007","Deposit"
"01/08/2016 08:26:00","e-enable e-business architectures","27978","Deposit"
"19/5/2017 09:16:48","cultivate out-of-the-box synergies","39129","Deposit"
"07/03/2012 08:48:00","synthesize collaborative ROI","17803","Withdraw"
"05/12/2016 09:40:00","synergize innovative initiatives","16749","Withdraw"
"02/06/2013 09:23:00","facilitate extensible paradigms","29521","Withdraw"
"25/5/2012 08:41:13","enhance next-generation systems","97544","Withdraw"
"07/07/2023 08:57:00","implement seamless mindshare","65436","Withdraw"
"03/04/2013 08:03:00","maximize open-source methodologies","52018","Withdraw"
"03/10/2024 09:33:00","enable next-generation portals","84289","Deposit"
"05/05/2019 09:31:00","brand distributed users","48217","Withdraw"
"09/03/2011 08:47:00","matrix B2B infrastructures","19741","Withdraw"
"05/05/2019 09:31:00","benchmark 24/365 interfaces","89955","Withdraw"
"17/3/2023 08:11:11","deploy user-centric portals","62082","Withdraw"
"06/07/2020 09:33:00","engage synergistic schemas","79163","Deposit"
"23/7/2010 08:56:54","incentivize visionary functionalities","11359","Withdraw"
"26/9/2017 08:13:57","target bricks-and-clicks e-commerce","37677","Deposit"
"25/4/2011 09:55:46","reinvent visionary web-readiness","25107","Withdraw""date","content","amount","type"
"08/08/2019 09:02:00","exploit back-end content","45796","Deposit"
"17/6/2018 08:17:35","evolve sticky e-business","50976","Deposit"
"04/11/2017 08:34:00","strategize granular e-business","64976","Withdraw"
"30/10/2012 09:25:13","aggregate plug-and-play ROI","75936","Deposit"
"25/6/2011 08:02:44","embrace one-to-one infrastructures","54553","Withdraw"
"27/6/2013 08:37:04","streamline one-to-one action-items","27092","Withdraw"
"09/06/2019 08:30:00","deliver synergistic initiatives","48286","Deposit"
"26/11/2016 08:17:39","e-enable strategic experiences","52365","Deposit"
"03/12/2019 08:51:00","synthesize out-of-the-box experiences","34661","Withdraw"
"26/11/2023 08:28:32","mesh compelling applications","34977","Deposit"
"26/9/2017 08:13:57","morph ubiquitous systems","31044","Withdraw"
"06/04/2015 08:42:00","benchmark strategic relationships","41840","Withdraw"
"15/6/2016 08:09:44","streamline revolutionary channels","41595","Deposit"
"11/03/2020 09:16:00","transform visionary metrics","43425","Deposit"
"06/08/2015 09:22:00","generate sticky web services","90465","Withdraw"
"23/6/2016 08:55:49","recontextualize robust web services","48268","Deposit"
"22/5/2014 08:15:33","e-enable compelling eyeballs","10156","Deposit"
"06/08/2015 09:22:00","reinvent back-end networks","71663","Withdraw"
"03/10/2024 09:33:00","reinvent best-of-breed supply-chains","98008","Deposit"
"04/12/2014 09:35:00","mesh scalable content","14460","Withdraw"
"15/8/2012 09:08:20","deliver dot-com e-business","89903","Withdraw"
"18/7/2013 09:55:08","maximize compelling markets","97294","Withdraw"
"07/12/2016 08:00:00","engineer 24/7 solutions","76229","Deposit"
"11/08/2018 09:27:00","target vertical web services","35224","Withdraw"
"08/07/2015 08:37:00","unleash plug-and-play models","97754","Deposit"
"25/2/2023 08:56:02","revolutionize vertical web-readiness","48012","Deposit"
"27/11/2021 08:58:42","deliver magnetic e-tailers","31282","Withdraw"
"09/06/2019 08:30:00","empower robust interfaces","55404","Deposit"
"16/3/2012 09:52:03","evolve next-generation e-tailers","81957","Deposit"
"19/8/2023 09:46:19","whiteboard next-generation blockchains","32600","Withdraw"
"20/6/2015 09:29:55","iterate rich solutions","98953","Withdraw"
"16/3/2013 08:14:24","aggregate world-class synergies","10058","Withdraw"
"25/6/2020 08:00:39","deploy seamless networks","83794","Withdraw"
"21/3/2014 09:08:12","facilitate innovative architectures","10966","Withdraw"
"13/6/2023 09:56:37","architect ubiquitous architectures","68580","Withdraw"
"13/1/2020 08:51:35","redefine mission-critical architectures","63634","Deposit"
"25/6/2020 08:00:39","mesh one-to-one users","33870","Deposit"
"05/12/2016 09:40:00","e-enable robust users","63011","Deposit"
"27/8/2015 08:24:18","strategize ubiquitous convergence","68945","Withdraw"
"15/5/2014 09:24:13","maximize dynamic systems","10804","Withdraw"
"26/8/2020 09:50:35","reinvent clicks-and-mortar technologies","76010","Deposit"
"03/04/2013 08:03:00","strategize leading-edge niches","41870","Withdraw"
"21/7/2021 08:26:50","repurpose virtual vortals","63625","Deposit"
"13/4/2017 09:01:07","envisioneer cross-platform e-services","42865","Withdraw"
"13/6/2014 09:26:55","engage cross-media mindshare","30912","Withdraw"
"20/7/2016 09:41:08","matrix end-to-end bandwidth","12606","Withdraw"
"25/2/2024 08:45:57","orchestrate e-business partnerships","77671","Deposit"
"25/6/2020 08:00:39","deploy value-added experiences","71454","Deposit"
"14/5/2014 09:02:17","enable collaborative applications","40327","Deposit"
"18/5/2010 08:41:00","facilitate bleeding-edge interfaces","89917","Deposit"
"01/07/2011 08:15:00","deliver transparent technologies","23045","Withdraw"
"30/10/2012 09:25:13","evolve sticky schemas","24833","Withdraw"
"11/03/2020 09:16:00","visualize 24/7 schemas","57144","Withdraw"
"08/05/2014 08:44:00","monetize revolutionary partnerships","95805","Deposit"
"21/6/2013 09:25:36","monetize user-centric niches","82018","Deposit"
"22/8/2011 09:44:00","mesh granular e-services","60451","Withdraw"
"03/02/2021 09:12:00","benchmark wireless partnerships","69598","Withdraw"
"27/1/2019 08:39:23","streamline transparent methodologies","86703","Deposit"
"24/8/2022 09:38:09","whiteboard B2B eyeballs","93817","Deposit"
"11/06/2017 08:03:00","unleash collaborative bandwidth","33423","Deposit"
"16/11/2023 09:33:34","incubate cutting-edge communities","59834","Withdraw"
"08/05/2014 08:44:00","maximize leading-edge action-items","31598","Withdraw"
"13/6/2023 09:56:37","incubate sticky ROI","87165","Deposit"
"22/5/2020 08:23:03","facilitate user-centric synergies","32255","Withdraw"
"07/09/2017 08:15:00","incentivize back-end ROI","69205","Deposit"
"12/10/2012 08:32:00","deploy clicks-and-mortar architectures","43803","Withdraw"
"09/04/2021 08:17:00","optimize interactive blockchains","34539","Withdraw"
"18/1/2015 08:49:23","whiteboard intuitive content","90994","Withdraw"
"27/1/2019 08:39:23","redefine global experiences","97742","Deposit"
"15/12/2021 08:37:57","integrate proactive bandwidth","55030","Deposit"
"14/8/2023 08:42:51","evolve distributed web-readiness","30572","Deposit"
"27/2/2023 09:33:30","seize cutting-edge ROI","94747","Deposit"
"26/12/2013 08:48:47","generate killer e-tailers","31221","Deposit"
"15/4/2015 08:03:34","transform magnetic supply-chains","94305","Deposit"
"21/12/2020 09:45:18","whiteboard 24/365 blockchains","43467","Deposit"
"11/08/2019 08:44:00","unleash dot-com methodologies","46952","Deposit"
"04/08/2010 09:29:00","deploy cross-platform users","29273","Withdraw"
"14/3/2022 08:48:36","cultivate sticky solutions","46552","Withdraw"
"08/03/2016 08:29:00","grow frictionless initiatives","25558","Deposit"
"05/10/2024 08:45:00","incentivize e-business content","68334","Deposit"
"17/4/2024 09:18:47","envisioneer turn-key models","43527","Withdraw"
"01/01/2024 08:02:00","enhance transparent synergies","99197","Deposit"
"03/06/2021 09:08:00","generate holistic relationships","84492","Withdraw"
"05/10/2024 08:45:00","grow end-to-end blockchains","81293","Withdraw"
"11/03/2020 09:16:00","leverage global portals","82456","Deposit"
"03/04/2013 08:03:00","leverage integrated systems","69470","Withdraw"
"01/06/2019 09:44:00","harness cutting-edge synergies","98859","Withdraw"
"17/3/2013 08:51:41","deliver strategic methodologies","25421","Deposit"
"12/05/2014 08:45:00","facilitate intuitive networks","56038","Withdraw"
"11/10/2019 09:36:00","extend compelling e-tailers","58759","Deposit"
"16/11/2023 09:33:34","incentivize end-to-end bandwidth","41823","Withdraw"
"15/11/2018 08:48:42","embrace killer technologies","58212","Withdraw"
"04/12/2014 08:15:00","implement frictionless models","41574","Deposit"
"01/02/2010 08:47:00","seize synergistic web-readiness","26807","Withdraw"
"07/03/2012 08:48:00","harness B2C web services","81096","Deposit"
"29/9/2018 08:33:53","architect visionary infomediaries","93751","Withdraw"
"22/1/2017 09:27:59","aggregate integrated e-business","41966","Withdraw"
"15/2/2018 09:47:50","syndicate seamless e-business","92408","Deposit"
"28/8/2011 08:39:51","redefine open-source applications","88458","Deposit"
"26/8/2020 09:50:35","synthesize strategic platforms","96824","Withdraw"
"20/6/2015 09:29:55","generate scalable systems","43880","Withdraw"
"07/12/2016 08:00:00","mesh visionary e-commerce","21743","Deposit"
"14/5/2014 09:02:17","streamline interactive networks","38990","Withdraw"
"15/5/2014 09:24:13","optimize innovative e-tailers","85060","Withdraw"
"19/8/2018 09:32:13","morph holistic technologies","29350","Withdraw"
"11/03/2021 09:09:00","morph plug-and-play e-services","25598","Deposit"
"10/05/2010 09:30:00","implement B2B networks","47713","Withdraw"
"26/6/2012 09:34:02","strategize B2B functionalities","39068","Withdraw"
"30/10/2012 09:25:13","integrate rich systems","39415","Deposit"
"25/5/2012 08:41:13","synergize wireless portals","98952","Deposit"
"17/2/2017 09:54:34","e-enable out-of-the-box channels","69600","Deposit"
"15/12/2021 08:37:57","matrix transparent users","42451","Deposit"
"21/7/2018 08:16:42","deliver scalable e-business","20528","Deposit"
"25/7/2015 09:45:02","leverage bricks-and-clicks convergence","42280","Deposit"
"10/12/2018 09:11:00","whiteboard integrated schemas","93658","Deposit"
"11/10/2019 09:36:00","drive rich bandwidth","58704","Withdraw"
"15/4/2021 08:28:58","utilize robust bandwidth","97301","Deposit"
"18/10/2011 09:47:50","repurpose next-generation applications","79007","Withdraw"
"31/1/2012 09:51:54","integrate dynamic web services","28327","Withdraw"
"01/06/2019 09:44:00","exploit B2B architectures","40831","Deposit"
"26/9/2017 08:13:57","implement web-enabled infomediaries","81864","Deposit"
"13/1/2020 08:51:35","enable dynamic applications","94309","Withdraw"
"23/7/2010 08:56:54","generate visionary methodologies","49483","Withdraw"
"23/3/2022 09:46:43","enable innovative eyeballs","19907","Withdraw"
"26/6/2012 09:34:02","exploit compelling vortals","10803","Withdraw"
"30/10/2012 09:25:13","integrate next-generation content","53519","Deposit"
"16/11/2023 09:33:34","benchmark efficient supply-chains","55932","Deposit"
"18/1/2015 08:49:23","enable best-of-breed experiences","98583","Withdraw"
"09/06/2019 08:30:00","enable distributed relationships","51636","Deposit"
"04/02/2012 08:50:00","drive frictionless systems","31229","Withdraw"
"08/06/2022 09:28:00","productize innovative interfaces","34488","Withdraw"
"09/03/2011 08:47:00","transition collaborative bandwidth","54315","Withdraw"
"19/8/2023 09:46:19","seize user-centric technologies","21074","Deposit"
"18/2/2018 09:30:40","streamline sticky web-readiness","10404","Deposit"
"24/8/2022 09:38:09","maximize cross-media methodologies","92417","Deposit"
"21/6/2018 09:39:28","target mission-critical users","53650","Deposit"
"15/4/2015 08:03:34","cultivate end-to-end action-items","78832","Withdraw"
"13/8/2023 08:54:15","whiteboard seamless users","16138","Withdraw"
"07/07/2012 09:18:00","maximize value-added niches","47075","Withdraw"
"08/07/2015 08:37:00","cultivate cross-media networks","38744","Deposit"
"15/8/2012 09:08:20","disintermediate sticky action-items","59693","Withdraw"
"11/03/2020 09:16:00","e-enable virtual users","12176","Withdraw"
"15/6/2016 08:09:44","drive cutting-edge applications","45980","Deposit"
"16/8/2010 09:10:55","recontextualize innovative functionalities","28047","Deposit"
"30/7/2019 08:42:51","empower synergistic e-tailers","77429","Deposit"
"22/1/2017 09:27:59","enhance out-of-the-box communities","54352","Withdraw"
"20/4/2023 08:22:36","extend global web-readiness","98593","Deposit"
"28/8/2022 09:51:00","syndicate killer paradigms","51041","Deposit"
"26/10/2022 09:34:56","synergize front-end eyeballs","81568","Deposit"
"09/05/2010 08:05:00","incentivize interactive bandwidth","39348","Withdraw"
"18/4/2017 09:08:46","harness magnetic bandwidth","81170","Deposit"
"22/7/2022 08:35:52","orchestrate real-time ROI","43898","Deposit"
"07/10/2014 09:21:00","redefine dynamic relationships","51427","Withdraw"
"25/6/2020 08:00:39","deploy back-end models","83521","Withdraw"
"15/2/2018 09:47:50","drive front-end metrics","19160","Withdraw"
"07/09/2020 08:37:00","empower synergistic users","97384","Deposit"
"22/11/2011 08:27:35","brand integrated bandwidth","63966","Deposit"
"09/06/2018 08:57:00","leverage leading-edge web-readiness","43835","Withdraw"
"18/12/2014 09:24:08","recontextualize user-centric convergence","40126","Withdraw"
"21/11/2016 09:49:56","innovate granular interfaces","10323","Deposit"
"17/7/2018 09:36:52","aggregate synergistic initiatives","68206","Deposit"
"16/1/2022 08:51:14","evolve collaborative eyeballs","91445","Deposit"
"10/12/2018 09:11:00","extend robust infomediaries","25520","Withdraw"
"18/5/2015 09:20:42","syndicate B2B models","93660","Deposit"
"29/10/2013 09:03:16","morph synergistic vortals","91072","Deposit"
"03/06/2021 09:35:00","e-enable virtual blockchains","37052","Deposit"
"08/06/2022 09:28:00","matrix robust users","27254","Deposit"
"25/6/2011 08:02:44","brand leading-edge synergies","27201","Withdraw"
"28/7/2021 08:10:47","transition cutting-edge users","34378","Withdraw"
"18/2/2011 08:50:18","productize bleeding-edge schemas","20506","Deposit"
"24/7/2019 09:08:43","harness killer metrics","33287","Deposit"
"06/08/2018 08:30:00","architect impactful e-markets","86685","Withdraw"
"08/10/2022 08:19:00","repurpose holistic networks","58349","Deposit"
"18/3/2017 08:02:52","exploit cross-media action-items","97532","Deposit"
"21/6/2013 09:25:36","synergize granular networks","72839","Deposit"
"08/10/2015 09:16:00","architect magnetic systems","91172","Withdraw"
"11/03/2020 09:16:00","redefine visionary content","42984","Withdraw"
"08/05/2014 08:44:00","empower real-time synergies","75772","Deposit"
"12/05/2014 08:45:00","deploy value-added partnerships","87521","Withdraw"
"24/1/2017 09:19:34","whiteboard rich platforms","77984","Withdraw"
"19/5/2017 09:16:48","morph integrated vortals","42999","Withdraw"
"26/7/2014 09:10:10","cultivate turn-key communities","27981","Withdraw"
"04/12/2011 09:35:00","target 24/365 markets","70279","Withdraw"
"07/03/2012 08:48:00","brand holistic eyeballs","43144","Deposit"
"08/03/2019 08:13:00","enhance cross-platform convergence","64912","Withdraw"
"10/05/2010 09:30:00","unleash B2B metrics","25545","Withdraw"
"21/6/2018 09:39:28","whiteboard interactive functionalities","16733","Withdraw"
"07/12/2016 08:00:00","streamline transparent e-tailers","84468","Deposit"
"04/02/2013 09:01:00","cultivate 24/365 functionalities","94202","Deposit"
"28/8/2022 09:51:00","architect ubiquitous e-tailers","28930","Deposit"
"26/10/2022 09:34:56","envisioneer killer networks","17110","Withdraw"
"04/12/2014 09:35:00","orchestrate intuitive deliverables","25224","Deposit"
"29/4/2020 09:52:13","facilitate dynamic users","18479","Deposit"
"22/5/2022 09:13:43","innovate open-source action-items","42312","Withdraw"
"15/6/2016 08:09:44","visualize customized deliverables","28156","Deposit"
"24/1/2017 09:19:34","reinvent next-generation architectures","58300","Deposit"
"16/6/2018 08:42:15","implement compelling initiatives","41757","Withdraw"
"09/07/2016 09:30:00","orchestrate 24/365 portals","81298","Deposit"
"05/05/2019 09:31:00","grow mission-critical e-commerce","69257","Withdraw"
"16/8/2011 08:59:00","synergize robust communities","51258","Deposit"
"08/03/2019 08:13:00","synthesize enterprise systems","78235","Withdraw"
"30/4/2016 08:34:17","streamline enterprise communities","13914","Deposit"
"09/03/2021 09:19:00","productize wireless models","95002","Withdraw"
"09/06/2019 08:30:00","envisioneer magnetic architectures","32156","Withdraw"
"31/10/2017 08:24:49","revolutionize dynamic solutions","99635","Deposit"
"30/4/2016 08:34:17","unleash dynamic vortals","16499","Withdraw"
"09/03/2011 08:47:00","synergize B2C supply-chains","99389","Deposit"
"01/02/2024 09:14:00","grow best-of-breed mindshare","55297","Withdraw"
"14/11/2012 09:23:13","redefine frictionless e-tailers","39931","Deposit"
"11/03/2021 09:09:00","aggregate revolutionary functionalities","70443","Deposit"
"26/10/2021 09:28:03","matrix wireless e-services","28402","Withdraw"
"07/05/2011 08:51:00","enable compelling web services","11569","Withdraw"
"01/03/2012 08:58:00","transform plug-and-play deliverables","93404","Withdraw"
"05/11/2018 08:25:00","iterate synergistic blockchains","31254","Deposit"
"09/06/2022 08:01:00","envisioneer global supply-chains","84278","Withdraw"
"28/7/2021 08:10:47","strategize world-class networks","63413","Withdraw"
"27/2/2023 09:33:30","e-enable synergistic web services","15477","Withdraw"
"19/5/2011 08:28:30","e-enable vertical portals","62166","Withdraw"
"28/2/2014 09:52:56","aggregate sexy supply-chains","87995","Deposit"
"06/10/2024 08:08:00","deploy bleeding-edge partnerships","97187","Deposit"
"01/04/2010 08:54:00","brand back-end vortals","86482","Deposit"
"13/2/2010 09:45:10","architect rich infrastructures","75616","Deposit"
"28/4/2018 09:23:25","scale next-generation functionalities","20095","Deposit"
"26/8/2022 08:22:01","syndicate revolutionary portals","40509","Deposit"
"24/10/2019 08:09:43","brand end-to-end networks","93870","Withdraw"
"08/10/2022 08:19:00","scale frictionless channels","78696","Withdraw"
"25/2/2023 08:56:02","scale dot-com functionalities","30477","Deposit"
"30/8/2018 09:39:41","e-enable value-added content","74077","Deposit"
"13/6/2019 08:44:15","monetize scalable eyeballs","48796","Withdraw"
"20/5/2010 09:29:05","utilize web-enabled infomediaries","47676","Deposit"
"20/5/2010 09:29:05","integrate user-centric models","55707","Withdraw"
"05/10/2024 08:45:00","envisioneer enterprise e-services","10399","Deposit"
"22/5/2014 08:15:33","productize clicks-and-mortar applications","76671","Deposit"
"26/9/2017 08:13:57","facilitate extensible infrastructures","78571","Deposit"
"26/11/2016 08:17:39","cultivate turn-key methodologies","83652","Withdraw"
"09/10/2021 09:46:00","reinvent customized architectures","23691","Deposit"
"20/6/2015 09:29:55","evolve magnetic architectures","14749","Deposit"
"19/2/2019 08:45:02","revolutionize seamless paradigms","21244","Withdraw"
"17/2/2017 09:54:34","redefine impactful web-readiness","31265","Deposit"
"29/4/2020 09:52:13","integrate best-of-breed infrastructures","10605","Withdraw"
"11/10/2019 09:36:00","synthesize one-to-one web services","83132","Deposit"
"04/12/2014 08:15:00","scale customized metrics","93933","Deposit"
"07/03/2012 08:48:00","seize B2C interfaces","19669","Withdraw"
"16/11/2023 09:33:34","cultivate viral blockchains","98600","Withdraw"
"31/10/2017 08:24:49","productize sexy niches","41954","Withdraw"
"18/12/2015 08:42:38","e-enable revolutionary convergence","74228","Withdraw"
"03/02/2021 09:12:00","orchestrate real-time deliverables","14986","Deposit"
"28/7/2014 09:00:08","e-enable real-time platforms","31865","Deposit"
"16/3/2012 09:52:03","mesh e-business architectures","27974","Deposit"
"16/8/2011 08:59:00","extend granular e-commerce","86337","Deposit"
"06/03/2012 08:52:00","morph collaborative initiatives","69241","Deposit"
"25/6/2011 08:02:44","scale scalable synergies","51703","Withdraw"
"08/01/2020 09:30:00","implement frictionless portals","87001","Deposit"
"09/03/2011 08:47:00","synergize scalable e-markets","26162","Deposit"
"22/7/2022 08:35:52","envisioneer intuitive metrics","96286","Deposit"
"21/7/2021 08:26:50","brand plug-and-play eyeballs","74469","Deposit"
"08/05/2014 08:44:00","architect impactful supply-chains","67849","Deposit"
"21/7/2018 08:16:42","strategize B2C web services","58123","Withdraw"
"01/07/2011 08:15:00","whiteboard synergistic architectures","24753","Deposit"
"18/4/2017 09:08:46","extend B2B web services","31659","Deposit"
"19/9/2016 08:50:18","e-enable plug-and-play networks","67287","Withdraw"
"06/04/2015 08:42:00","morph end-to-end deliverables","69469","Withdraw"
"08/10/2015 09:16:00","disintermediate user-centric e-tailers","98605","Deposit"
"14/11/2012 09:23:13","deliver collaborative e-services","95026","Withdraw"
"11/03/2021 09:09:00","cultivate plug-and-play supply-chains","25762","Withdraw"
"30/7/2019 08:42:51","innovate user-centric vortals","43809","Deposit"
"01/08/2016 08:26:00","extend interactive e-markets","79350","Withdraw"
"14/3/2021 09:56:18","e-enable leading-edge solutions","42207","Withdraw"
"20/6/2015 09:29:55","reinvent end-to-end eyeballs","57856","Withdraw"
"24/8/2022 09:38:09","deliver extensible mindshare","31516","Deposit"
"07/09/2017 08:15:00","empower seamless content","81469","Withdraw"
"16/4/2014 09:04:08","architect synergistic e-commerce","77225","Withdraw"
"06/10/2024 08:08:00","strategize intuitive platforms","66060","Deposit"
"11/12/2015 08:48:00","strategize cross-platform networks","58565","Withdraw"
"14/8/2023 08:42:51","target intuitive content","25147","Deposit"
"01/06/2019 09:44:00","seize 24/7 action-items","17553","Deposit"
"25/5/2012 08:41:13","deploy leading-edge paradigms","62699","Withdraw"
"27/1/2019 08:39:23","scale open-source communities","33623","Withdraw"
"04/11/2021 09:29:00","synergize cross-platform vortals","60227","Withdraw"
"27/2/2023 09:33:30","extend out-of-the-box blockchains","80116","Deposit"
"05/10/2024 08:45:00","engage visionary content","42004","Withdraw"
"07/04/2012 08:43:00","synergize killer e-markets","85397","Deposit"
"12/05/2015 09:16:00","unleash cutting-edge synergies","16936","Deposit"
"04/12/2014 08:15:00","synergize impactful e-services","90194","Withdraw"
"09/06/2022 08:01:00","reintermediate distributed metrics","76795","Withdraw"
"20/5/2010 09:24:59","evolve intuitive deliverables","14648","Withdraw"
"26/10/2021 09:55:11","synergize mission-critical relationships","71102","Deposit"
"22/1/2023 09:39:31","incubate cross-media networks","18506","Deposit"
"14/8/2023 08:42:51","optimize impactful technologies","78258","Withdraw"
"20/5/2010 09:24:59","transition out-of-the-box content","92766","Deposit"
"10/12/2018 09:11:00","morph viral supply-chains","22867","Withdraw"
"20/6/2015 09:29:55","incubate global functionalities","22193","Withdraw"
"12/10/2012 08:32:00","optimize enterprise metrics","47697","Withdraw"
"16/3/2013 08:14:24","morph strategic users","51585","Deposit"
"25/4/2011 09:55:46","engineer mission-critical mindshare","65345","Deposit"
"07/07/2023 08:57:00","recontextualize proactive platforms","71046","Deposit"
"11/08/2018 09:27:00","engage distributed schemas","48723","Withdraw"
"07/03/2012 08:48:00","engage sexy infrastructures","83807","Withdraw"
"15/2/2018 09:47:50","orchestrate distributed portals","55651","Withdraw"
"28/7/2014 09:18:58","deliver frictionless communities","83470","Deposit"
"03/08/2019 09:19:00","e-enable rich e-business","21388","Withdraw"
"01/06/2013 09:32:00","facilitate sexy models","37589","Withdraw"
"01/02/2024 09:14:00","e-enable wireless web services","34493","Deposit"
"18/4/2017 09:08:46","innovate dynamic networks","28565","Deposit"
"21/5/2016 09:25:50","monetize ubiquitous infrastructures","43443","Deposit"
"26/10/2022 09:34:56","incentivize virtual convergence","17332","Withdraw"
"10/12/2018 09:11:00","facilitate intuitive web services","93859","Deposit"
"11/10/2019 09:36:00","leverage proactive e-tailers","89277","Withdraw"
"11/12/2015 08:48:00","innovate vertical architectures","11684","Withdraw"
"07/09/2017 08:15:00","reintermediate turn-key methodologies","96354","Deposit"
"21/11/2016 09:49:56","benchmark seamless platforms","34229","Deposit"
"04/08/2012 09:09:00","seize interactive channels","78797","Deposit"
"11/10/2019 09:36:00","empower integrated architectures","12045","Deposit"
"01/02/2024 09:14:00","transform turn-key e-markets","93239","Withdraw"
"03/10/2024 09:33:00","optimize wireless networks","66758","Deposit"
"31/10/2017 08:24:49","cultivate visionary mindshare","89689","Withdraw"
"24/1/2017 09:19:34","engage proactive mindshare","30874","Deposit"
"14/10/2013 09:23:32","implement value-added networks","96885","Withdraw"
"27/1/2019 08:39:23","enable user-centric niches","75406","Deposit"
"29/10/2013 09:03:16","integrate granular functionalities","18783","Withdraw"
"08/03/2016 08:29:00","seize proactive channels","48516","Deposit"
"24/8/2022 09:38:09","target visionary architectures","58994","Withdraw"
"16/3/2013 08:14:24","visualize best-of-breed initiatives","88047","Deposit"
"24/7/2019 09:08:43","recontextualize impactful niches","48275","Deposit"
"27/1/2019 08:39:23","repurpose proactive e-markets","15456","Withdraw"
"13/2/2010 09:45:10","brand magnetic deliverables","66499","Deposit"
"01/03/2012 08:58:00","enhance synergistic partnerships","32605","Withdraw"
"07/03/2010 09:50:00","reinvent clicks-and-mortar experiences","29424","Withdraw"
"25/5/2012 08:41:13","harness proactive content","40730","Withdraw"
"21/3/2014 09:08:12","incentivize killer e-tailers","51644","Withdraw"
"07/09/2020 08:37:00","implement impactful platforms","66351","Withdraw"
"25/2/2024 08:45:57","incubate seamless partnerships","97112","Deposit"
"28/7/2014 09:18:58","drive customized architectures","13108","Withdraw"
"17/7/2018 09:36:52","transition 24/7 niches","31808","Withdraw"
"11/10/2020 09:31:00","seize e-business web-readiness","21397","Deposit"
"13/1/2020 08:51:35","orchestrate scalable web-readiness","65540","Deposit"
"15/7/2011 08:31:18","transition clicks-and-mortar models","18460","Deposit"
"12/01/2016 09:31:00","benchmark proactive niches","40034","Deposit"
"16/11/2023 09:33:34","disintermediate extensible blockchains","30776","Withdraw"
"13/8/2023 08:54:15","scale innovative solutions","10452","Deposit"
"26/7/2017 08:02:24","exploit transparent communities","69531","Withdraw"
"03/06/2021 09:35:00","benchmark e-business models","88584","Withdraw"
"04/11/2017 08:34:00","seize real-time communities","74775","Withdraw"
"20/3/2020 08:59:00","iterate global blockchains","91450","Withdraw"
"26/7/2017 08:02:24","exploit real-time experiences","65959","Withdraw"
"09/03/2011 08:47:00","e-enable efficient platforms","37543","Withdraw"
"22/8/2011 09:44:00","drive back-end infrastructures","77918","Deposit"
"19/10/2013 08:29:10","strategize cross-platform solutions","12841","Deposit"
"13/2/2022 08:50:49","transform open-source web-readiness","18568","Withdraw"
"02/10/2014 08:56:00","streamline back-end schemas","32807","Withdraw"
"06/04/2015 08:42:00","maximize open-source eyeballs","39934","Withdraw"
"14/3/2021 09:56:18","matrix distributed e-tailers","52755","Deposit"
"09/03/2011 08:47:00","optimize vertical partnerships","86985","Withdraw"
"01/09/2016 08:24:00","iterate real-time functionalities","88991","Withdraw"
"22/7/2020 08:49:50","whiteboard turn-key infrastructures","90256","Deposit"
"05/05/2019 09:31:00","iterate best-of-breed synergies","33941","Withdraw"
"17/3/2013 08:51:41","harness seamless synergies","37056","Deposit"
"23/3/2022 09:46:43","target best-of-breed users","94866","Withdraw"
"18/12/2015 08:42:38","revolutionize holistic synergies","44602","Withdraw"
"06/09/2012 09:27:00","aggregate next-generation methodologies","15667","Deposit"
"26/12/2012 09:10:05","innovate revolutionary mindshare","55566","Withdraw"
"21/3/2014 09:08:12","reintermediate customized infrastructures","88322","Withdraw"
"15/2/2018 09:47:50","generate impactful eyeballs","81923","Deposit"
"02/06/2013 09:23:00","harness out-of-the-box content","52371","Deposit"
"24/8/2022 09:38:09","envisioneer ubiquitous platforms","76765","Withdraw"
"21/1/2011 09:10:21","recontextualize B2C functionalities","66832","Withdraw"
"30/8/2018 09:39:41","reintermediate intuitive metrics","43433","Deposit"
"10/05/2010 09:30:00","reinvent dynamic synergies","69250","Withdraw"
"11/10/2019 09:36:00","matrix integrated networks","67412","Deposit"
"14/3/2021 09:56:18","scale granular users","26467","Deposit"
"27/8/2015 08:24:18","matrix sticky supply-chains","94501","Withdraw"
"27/8/2015 08:24:18","grow B2B users","87335","Deposit"
"27/1/2019 08:39:23","e-enable innovative partnerships","37343","Withdraw"
"17/4/2024 09:18:47","harness best-of-breed users","76550","Deposit"
"03/04/2013 08:03:00","redefine web-enabled channels","67971","Deposit"
"25/2/2023 08:56:02","transform real-time vortals","44197","Deposit"
"07/07/2012 09:18:00","grow magnetic deliverables","91723","Deposit"
"16/8/2010 09:10:55","incubate cross-media web services","88224","Deposit"
"09/10/2021 09:46:00","orchestrate transparent partnerships","33849","Withdraw"
"16/6/2018 08:42:15","implement user-centric blockchains","19117","Withdraw"
"04/02/2013 09:01:00","brand rich functionalities","61396","Deposit"
"10/01/2021 08:27:00","implement distributed ROI","90886","Deposit"
"21/3/2014 09:08:12","engineer world-class paradigms","76632","Deposit"
"06/08/2015 09:22:00","repurpose turn-key portals","61260","Withdraw"
"04/08/2014 08:35:00","recontextualize synergistic functionalities","88325","Deposit"
"27/6/2013 08:37:04","transition rich functionalities","92416","Deposit"
"07/09/2020 08:37:00","streamline intuitive technologies","94045","Deposit"
"03/08/2019 09:19:00","monetize sticky infomediaries","19035","Withdraw"
"16/4/2014 09:04:08","aggregate 24/7 methodologies","99815","Deposit"
"22/8/2011 09:44:00","benchmark virtual ROI","80560","Withdraw"
"15/11/2018 08:48:42","facilitate distributed e-services","94376","Deposit"
"27/11/2021 08:58:42","orchestrate distributed blockchains","28644","Withdraw"
"24/8/2022 09:38:09","exploit interactive metrics","78948","Deposit"
"17/11/2012 09:14:30","unleash cross-platform functionalities","12095","Deposit"
"11/03/2020 09:16:00","harness rich technologies","61556","Withdraw"
"09/04/2021 08:17:00","envisioneer frictionless markets","70579","Withdraw"
"11/03/2020 09:16:00","revolutionize interactive networks","71494","Deposit"
"29/10/2012 09:24:27","disintermediate mission-critical systems","29959","Deposit"
"07/10/2014 09:21:00","engage cutting-edge systems","19107","Deposit"
"02/04/2024 09:28:00","iterate wireless supply-chains","49671","Withdraw"
"04/11/2021 09:29:00","strategize revolutionary content","80189","Deposit"
"03/06/2021 09:08:00","matrix granular partnerships","25900","Withdraw"
"07/03/2012 08:48:00","revolutionize real-time communities","24618","Withdraw"
"11/12/2015 08:48:00","unleash visionary synergies","64330","Withdraw"
"16/3/2013 08:14:24","transform web-enabled niches","39080","Withdraw"
"24/8/2022 09:38:09","seize holistic markets","87725","Deposit"
"07/09/2020 08:37:00","implement cross-media e-business","18448","Deposit"
"22/5/2020 08:23:03","morph mission-critical content","24833","Withdraw"
"18/12/2015 08:42:38","recontextualize compelling e-markets","15331","Deposit"
"16/4/2017 09:36:20","extend wireless synergies","85664","Withdraw"
"01/10/2023 08:05:00","syndicate visionary e-business","85895","Deposit"
"05/12/2016 09:40:00","whiteboard 24/365 e-business","75659","Deposit"
"05/10/2024 08:45:00","innovate robust experiences","93497","Deposit"
"01/02/2010 08:47:00","implement dynamic platforms","57435","Withdraw"
"08/10/2015 09:16:00","integrate enterprise communities","27219","Deposit"
"15/11/2018 08:48:42","aggregate dot-com content","36796","Deposit"
"18/12/2019 09:08:53","benchmark global synergies","85308","Withdraw"
"21/3/2014 09:08:12","incubate web-enabled eyeballs","22906","Deposit"
"25/5/2012 08:41:13","seize impactful niches","86727","Deposit"
"16/8/2010 09:10:55","visualize virtual blockchains","58471","Withdraw"
"13/6/2019 08:44:15","syndicate dot-com markets","37666","Deposit"
"09/06/2019 08:30:00","facilitate clicks-and-mortar applications","27012","Deposit"
"15/2/2019 09:16:16","enhance magnetic users","14404","Withdraw"
"18/5/2015 09:20:42","envisioneer viral systems","96402","Deposit"
"10/09/2010 09:30:00","engineer plug-and-play systems","10210","Withdraw"
"09/06/2019 08:30:00","strategize leading-edge relationships","62498","Deposit"
"08/03/2016 08:29:00","deliver front-end content","49589","Withdraw"
"26/7/2017 08:02:24","transform bricks-and-clicks blockchains","43659","Withdraw"
"09/06/2018 08:57:00","recontextualize leading-edge bandwidth","85558","Deposit"
"17/3/2013 08:51:41","exploit impactful supply-chains","78867","Withdraw"
"07/05/2011 08:51:00","exploit synergistic interfaces","54314","Deposit"
"01/08/2015 09:52:00","reintermediate dot-com experiences","79691","Withdraw"
"15/12/2014 09:58:48","aggregate intuitive platforms","81969","Deposit"
"22/10/2020 08:55:54","implement open-source bandwidth","76176","Deposit"
"02/04/2024 09:28:00","engage customized bandwidth","57830","Deposit"
"18/12/2015 08:42:38","empower B2B paradigms","46064","Deposit"
"03/10/2024 09:33:00","monetize end-to-end architectures","91143","Withdraw"
"17/7/2018 09:36:52","utilize 24/7 vortals","53090","Withdraw"
"01/04/2010 08:54:00","facilitate synergistic eyeballs","26677","Deposit"
"17/4/2024 09:18:47","grow wireless paradigms","15362","Withdraw"
"09/04/2021 08:17:00","target web-enabled synergies","11957","Withdraw"
"15/11/2018 08:48:42","redefine cross-platform niches","63061","Deposit"
"14/3/2013 08:44:42","architect back-end synergies","31928","Deposit"
"28/7/2014 09:18:58","empower distributed metrics","96963","Withdraw"
"06/07/2017 08:16:00","productize distributed web-readiness","70548","Withdraw"
"30/7/2019 08:42:51","facilitate 24/365 content","66479","Withdraw"
"07/05/2011 08:51:00","productize holistic e-business","50767","Deposit"
"20/3/2020 08:59:00","facilitate cross-media bandwidth","26680","Deposit"
"19/8/2023 09:46:19","enhance mission-critical systems","73519","Deposit"
"22/11/2011 08:27:35","aggregate robust initiatives","85982","Deposit"
"30/7/2015 09:00:24","brand out-of-the-box action-items","95518","Withdraw"
"12/09/2019 09:20:00","iterate customized e-commerce","67230","Deposit"
"22/5/2022 09:13:43","cultivate transparent web-readiness","19522","Withdraw"
"01/06/2019 09:44:00","generate scalable relationships","59390","Deposit"
"17/3/2023 08:11:11","redefine B2B action-items","71678","Deposit"
"24/8/2022 09:38:09","iterate best-of-breed networks","77949","Withdraw"
"03/12/2019 08:51:00","redefine turn-key action-items","56521","Withdraw"
"19/5/2017 09:16:48","syndicate customized interfaces","69069","Deposit"
"10/05/2010 09:30:00","benchmark back-end web-readiness","52548","Deposit"
"14/12/2017 09:03:12","maximize turn-key partnerships","71728","Withdraw"
"16/6/2018 08:42:15","evolve magnetic ROI","77394","Withdraw"
"19/7/2014 09:27:41","productize ubiquitous action-items","75210","Withdraw"
"28/7/2014 09:18:58","reinvent magnetic infrastructures","90951","Withdraw"
"25/4/2011 09:55:46","matrix sticky technologies","29473","Deposit"
"12/05/2015 09:16:00","matrix virtual web services","17970","Withdraw"
"21/1/2011 09:10:21","syndicate 24/365 technologies","68509","Withdraw"
"09/03/2021 09:19:00","whiteboard efficient vortals","12520","Deposit"
"22/5/2020 08:23:03","harness revolutionary content","82035","Withdraw"
"24/10/2019 08:09:43","utilize open-source infrastructures","17916","Deposit"
"16/7/2016 09:32:26","deploy integrated models","75366","Deposit"
"27/8/2021 08:27:13","visualize clicks-and-mortar synergies","27823","Deposit"
"21/6/2013 09:25:36","enable killer paradigms","55293","Withdraw"
"16/7/2016 09:32:26","enable sexy partnerships","56995","Deposit"
"07/04/2012 08:43:00","evolve back-end action-items","17308","Deposit"
"29/10/2012 09:24:27","exploit frictionless experiences","62081","Deposit"
"03/10/2024 09:33:00","optimize front-end niches","90655","Deposit"
"09/05/2010 08:05:00","drive compelling blockchains","93912","Withdraw"
"23/6/2016 08:55:49","productize front-end applications","30044","Deposit"
"26/7/2014 09:10:10","harness turn-key relationships","74618","Withdraw"
"22/5/2020 08:23:03","utilize ubiquitous convergence","94763","Withdraw"
"30/3/2011 09:18:39","orchestrate rich e-business","53734","Deposit"
"08/01/2010 08:00:00","strategize collaborative partnerships","48949","Withdraw"
"13/6/2014 09:26:55","enable integrated solutions","48139","Deposit"
"26/7/2014 09:10:10","iterate cutting-edge systems","54384","Withdraw"
"22/7/2020 08:49:50","leverage 24/7 communities","76114","Deposit"
"26/7/2014 09:10:10","grow cross-media metrics","43732","Withdraw"
"08/06/2022 09:28:00","engage holistic platforms","81176","Withdraw"
"19/9/2016 08:50:18","drive efficient partnerships","49051","Withdraw"
"07/03/2012 08:48:00","benchmark intuitive methodologies","58826","Deposit"
"02/10/2014 08:56:00","orchestrate one-to-one e-services","83268","Deposit"
"13/6/2019 08:44:15","incubate distributed web-readiness","41003","Deposit"
"26/9/2017 08:13:57","expedite magnetic metrics","71978","Deposit"
"21/1/2011 09:10:21","evolve B2B infrastructures","56389","Deposit"
"06/07/2017 08:16:00","synergize dot-com web-readiness","83287","Withdraw"
"21/6/2018 09:39:28","visualize intuitive ROI","61700","Deposit"
"29/4/2020 09:52:13","leverage seamless deliverables","34442","Deposit"
"21/5/2016 09:25:50","productize bleeding-edge vortals","42651","Deposit"
"30/7/2019 08:42:51","reinvent dot-com e-services","53460","Deposit"
"04/08/2012 09:09:00","integrate wireless ROI","55047","Deposit"
"12/05/2014 08:45:00","drive next-generation communities","98712","Deposit"